<?xml version="1.0" encoding="UTF-8"?>  
<beans  
    xmlns="http://www.springframework.org/schema/beans"  
    xmlns:xsi="http://www.w3.org/2001/XMLSchema-instance"  
    xmlns:p="http://www.springframework.org/schema/p"  
    xsi:schemaLocation="http://www.springframework.org/schema/beans  
                http://www.springframework.org/schema/beans/spring-beans-3.0.xsd">  

<bean id="a1" class="Address"  >    
<constructor-arg index="0"   value="Bagumpet"></constructor-arg>  
<constructor-arg value="AP"></constructor-arg>  
<constructor-arg value="India"></constructor-arg>  
</bean>  
   
<bean id="e" class="Employee"  >  
<constructor-arg value="12" type="int"></constructor-arg>  
<constructor-arg value="Sandip" type="String"></constructor-arg>  
  <constructor-arg><ref bean="a1"/></constructor-arg>   
</bean>  
  </beans>  
  
  
  